outcome,start_period,pre_mean,event_mean,post_mean,event_minus_pre,post_minus_event
gap_equal_main,2019-10,0.22594124586806608,0.27635072459962756,0.0900140073131898,0.050409478731561486,-0.18633671728643775
gap_synth_main,2019-10,0.18361472154613642,0.3193052181874183,0.08264427492805708,0.13569049664128188,-0.2366609432593612
gap_equal_main,2023-10,0.18266143896962164,0.28584896104099516,0.40151720466506785,0.10318752207137352,0.11566824362407269
gap_synth_main,2023-10,0.1702098031840006,0.32869431318297276,0.42702520185864934,0.15848450999897215,0.09833088867567658
gap_equal_main,2024-10,0.26480654689678546,0.41389363890063297,0.46249246190768556,0.1490870920038475,0.048598823007052594
gap_synth_main,2024-10,0.27532713003534975,0.4685391266033963,0.5210130709542599,0.19321199656804655,0.052473944350863555
