outcome,start_period,pre_mean,event_mean,post_mean,event_minus_pre,post_minus_event,fake_high_sector
fake_gap,2025-10,-0.09455788874069022,-0.2595914722281387,-0.19388485716132445,-0.1650335834874485,0.06570661506681427,Financial and insurance activities
fake_gap,2025-10,-0.09817420336020415,-0.0034369186794916593,-0.09704158848161004,0.09473728468071249,-0.09360466980211839,Real estate activities
fake_gap,2025-10,0.19273209210089437,0.2630283909076307,0.29092644564293507,0.07029629880673632,0.02789805473530438,"Professional, scientific and technical activities"
