block,high,weight
half_half_plus_2025,0.0,0.3333333333333333
half_half_plus_2025,1.0,1.0
phase_1_2,0.0,0.3333333333333333
phase_1_2,1.0,1.0
phase_3_4_regime,0.0,0.3333333333333333
phase_3_4_regime,1.0,1.0
phase_5,0.0,0.3333333333333333
phase_5,1.0,1.0
