donor,weight,pre_period_rmspe
log_spi_financial,0.6452355733890297,0.22513095836533076
log_spi_real_estate,0.24914015540363155,0.22513095836533076
log_spi_professional,0.10562427120733875,0.22513095836533076
