testgroup,users,payers,total_revenue,arpu,median_revenue,max_revenue,conversion_rate,arppu,arpu_identity
a,202103,1928,5136189,25.413719736965806,0.0,37433,0.009539690157988749,2663.9984439834025,25.413719736965806
b,202667,1805,5421603,26.75128659327863,0.0,4000,0.008906235351586593,3003.6581717451522,26.75128659327863
