metric,observed,ci_low,ci_high,p_value
arpu_b_minus_a,1.3375668563128222,-2.8733154315296647,5.464837920611285,0.512
arpu_relative_lift,0.05263168360069903,-0.09736011332372402,0.2516922898245159,0.512
permutation_arpu_b_minus_a,1.3375668563128222,-4.089802675023117,3.995951344147095,0.5272
arppu_b_minus_a_payers_only,339.65972776174976,-69.43278348812109,732.98137397846,0.1052
