day,eligible_users,retained_users,retention_rate
1,998952,20071,0.020092056475185995
2,997311,40997,0.041107538170139506
3,995673,46338,0.04653937587943029
7,989145,58140,0.05877803557617943
14,977825,44726,0.045740290951857436
30,952434,26971,0.028317972688921226
