testgroup,users,payers,zero_revenue_share,payer_revenue_mean,payer_revenue_median,payer_revenue_p90,payer_revenue_p95,payer_revenue_p99,max_revenue,top_1pct_payer_revenue_share,top_5pct_payer_revenue_share,top_10pct_payer_revenue_share
a,202103,1928,0.9904603098420113,2663.9984439834025,311.0,393.29999999999995,37299.65,37340.73,37433.0,0.1382295316624836,0.6976472244304094,0.8990424612489922
b,202667,1805,0.9910937646484134,3003.6581717451522,3022.0,3795.8,3891.8,3981.92,4000.0,0.013252906935458018,0.06556658611853358,0.12938276742136967
