scenario,cutoff,arpu_a,arpu_b,b_minus_a,ci_low,ci_high,direction
raw_all_users,,25.413719736965806,26.75128659327863,1.3375668563128222,-2.8733154315296647,5.464837920611285,B observed ARPU higher
common_top_0.1pct_winsorized,3675.0,4.937888106559527,26.523573152017843,21.585685045458316,20.282970223274912,22.93627927164167,B observed ARPU higher
common_top_0.5pct_winsorized,390.0,2.9359485015066573,3.473431787118771,0.5374832856121139,0.3255913806196692,0.752032046036684,B observed ARPU higher
