track,model_kind,base_feature_set,new_feature_set,base_PR_AUC,new_PR_AUC,delta_PR_AUC,base_Top10_Capture,new_Top10_Capture,delta_Top10_Capture
A_operational,LR-WOE,A0_Basic,A2_Basic_Transaction,0.7193892090039923,0.6925693443752327,-0.026819864628759627,0.5254237288135594,0.5254237288135594,0.0
A_operational,LightGBM,A0_Basic,A2_Basic_Transaction,0.6681502858004491,0.6812243239621141,0.01307403816166497,0.4915254237288136,0.5084745762711864,0.016949152542372836
B_product_operation_removed,LR-WOE,B0_Basic,B2_Basic_Transaction,0.7178901135798504,0.695615238926917,-0.02227487465293343,0.5254237288135594,0.5254237288135594,0.0
B_product_operation_removed,LightGBM,B0_Basic,B2_Basic_Transaction,0.6606126921636184,0.687537061180926,0.026924369017307548,0.4915254237288136,0.5084745762711864,0.016949152542372836
C_behavior_only_validation,LR-WOE,C0_Basic,C2_Basic_Transaction,0.7002519606878087,0.7080676066123331,0.00781564592452444,0.5254237288135594,0.5254237288135594,0.0
C_behavior_only_validation,LightGBM,C0_Basic,C2_Basic_Transaction,0.6478549049366084,0.6642726140764664,0.016417709139858072,0.5084745762711864,0.5084745762711864,0.0
